cycle,timestamp,elapsed_sec,robot_x,robot_y,heading_deg,vx_mps,vy_mps,omega_dps,speed_mps,state,entry_trench,return_trench,raw_detections,target_valid,tracked_fuel,confirmed_fuel,cluster_count,best_cluster_x,best_cluster_y,best_cluster_score,best_cluster_n,best_cluster_conf,corridor_length,corridor_progress,corridor_lateral_offset,dist_to_corridor_end,guide_point_count,guide_points_detail,corridor_score,max_curvature,avg_curvature,curvature_deriv,heading_rate_change,candidates_accepted,candidates_rejected,rejection_reasons,fuel_ahead_of_progress,marginal_gain,should_return,sim_balls_remaining,active_command,event,clusters_detail,fuel_positions
0,55.615,0.00,3.464,7.482,-0.0,0.00,0.00,0.0,0.00,INIT,RIGHT,LEFT,,,,,,,,,,,,,,,,,,,,,,,,,,,,,"SEQUENCE_START entry=RIGHT return=LEFT",,
0,55.616,0.00,3.464,7.482,-0.0,0.00,0.00,0.0,0.00,PATHFIND_TO_ENTRY,RIGHT,LEFT,,,,,,,,,,,,,,,,,,,,,,,,,,,,,"STATE: PATHFIND_TO_ENTRY",,
5,55.695,0.08,3.469,7.481,-0.1,0.08,-0.02,-9.1,0.08,PATHFIND_TO_ENTRY,RIGHT,LEFT,6,true,6,6,1,6.45,6.60,5.10,6,40.0,,,,,0,"",1.00,0.000,0.000,0.000,0.0,,,,,,,142,FuelCollection_DriverButton,,"#0(6.4,6.6)s=5.10 n=6 c=40","(6.7,6.9)c40|(6.7,7.0)c40|(6.6,6.9)c40|(5.9,6.3)c40|(6.6,6.1)c40|(6.1,6.4)c40"
10,55.795,0.18,3.500,7.469,-3.3,0.22,0.12,-57.2,0.25,PATHFIND_TO_ENTRY,RIGHT,LEFT,9,true,9,8,1,6.43,6.38,4.93,8,33.1,,,,,0,"",1.00,0.000,0.000,0.000,0.0,,,,,,,142,FuelCollection_DriverButton,,"#0(6.4,6.4)s=4.93 n=8 c=33","(6.7,6.9)c40|(6.7,7.0)c40|(6.6,6.9)c40|(5.9,6.3)c40|(6.6,6.1)c40|(6.1,6.4)c40|(6.3,5.8)c14|(6.4,5.7)c11"
15,55.896,0.28,3.538,7.479,-10.9,0.54,0.16,-99.0,0.56,PATHFIND_TO_ENTRY,RIGHT,LEFT,12,true,12,12,2,6.37,6.18,4.85,11,32.0,,,,,0,"",1.00,0.000,0.000,0.000,0.0,,,,,,,142,FuelCollection_DriverButton,,"#0(6.4,6.2)s=4.85 n=11 c=32|#1(6.8,4.9)s=1.81 n=1 c=11","(6.7,6.9)c40|(6.7,7.0)c40|(6.6,6.9)c40|(5.9,6.3)c40|(6.6,6.1)c40|(6.1,6.4)c40|(6.4,5.7)c29|(6.5,5.5)c26|(6.1,5.8)c23|(6.2,5.6)c20|(6.2,5.7)c14|(6.8,4.9)c11"
20,55.995,0.38,3.606,7.475,-21.2,0.84,0.16,-103.7,0.86,PATHFIND_TO_ENTRY,RIGHT,LEFT,16,true,16,16,2,6.37,6.17,4.93,11,38.4,,,,,0,"",1.00,0.000,0.000,0.000,0.0,,,,,,,142,FuelCollection_DriverButton,,"#0(6.4,6.2)s=4.93 n=11 c=38|#1(6.8,4.3)s=4.20 n=5 c=17","(6.7,6.9)c40|(6.7,7.0)c40|(6.6,6.9)c40|(5.9,6.3)c40|(6.6,6.1)c40|(6.1,6.4)c40|(6.4,5.7)c40|(6.5,5.5)c40|(6.1,5.8)c38|(6.2,5.6)c35|(6.2,5.7)c29|(6.8,4.9)c26|(6.9,4.4)c20|(6.5,4.4)c14|(6.7,4.3)c14|(6.9,3.8)c11"
25,56.095,0.48,3.701,7.460,-31.5,0.99,0.36,-108.6,1.05,PATHFIND_TO_ENTRY,RIGHT,LEFT,19,true,19,19,2,6.37,6.17,4.97,11,40.0,,,,,0,"",1.00,0.000,0.000,0.000,0.0,,,,,,,142,FuelCollection_DriverButton,,"#0(6.4,6.2)s=4.97 n=11 c=40|#1(6.6,4.2)s=4.31 n=8 c=26","(6.7,6.9)c40|(6.7,7.0)c40|(6.6,6.9)c40|(5.9,6.3)c40|(6.6,6.1)c40|(6.1,6.4)c40|(6.4,5.7)c40|(6.5,5.5)c40|(6.1,5.8)c40|(6.2,5.5)c40|(6.2,5.7)c40|(6.8,4.9)c40|(6.9,4.4)c35|(6.5,4.4)c29|(6.7,4.3)c29|(6.9,3.8)c26|(6.2,4.2)c20|(6.3,3.7)c17|(6.3,3.6)c14"
30,56.196,0.58,3.805,7.445,-44.3,0.77,0.68,-147.9,1.03,PATHFIND_TO_ENTRY,RIGHT,LEFT,17,true,20,20,2,6.37,6.17,4.98,11,39.5,,,,,0,"",1.00,0.000,0.000,0.000,0.0,,,,,,,142,FuelCollection_DriverButton,,"#0(6.4,6.2)s=4.98 n=11 c=39|#1(6.6,4.1)s=4.41 n=9 c=34","(6.7,6.9)c38|(6.7,7.0)c38|(6.6,6.9)c38|(5.9,6.3)c40|(6.6,6.1)c40|(6.1,6.4)c40|(6.4,5.7)c40|(6.5,5.5)c40|(6.1,5.8)c40|(6.2,5.5)c40|(6.2,5.7)c40|(6.8,4.9)c40|(6.9,4.4)c40|(6.5,4.4)c40|(6.7,4.3)c40|(6.9,3.7)c40|(6.2,4.2)c35|(6.4,3.7)c32|(6.3,3.6)c29|(6.9,3.8)c14"
35,56.295,0.68,3.905,7.443,-60.4,0.60,0.93,-184.6,1.10,PATHFIND_TO_ENTRY,RIGHT,LEFT,15,true,21,21,2,6.37,6.17,4.97,11,37.6,,,,,0,"",1.00,0.000,0.000,0.000,0.0,,,,,,,142,FuelCollection_DriverButton,,"#0(6.4,6.2)s=4.97 n=11 c=38|#1(6.6,4.0)s=4.43 n=10 c=37","(6.7,6.9)c33|(6.7,7.0)c33|(6.6,6.9)c33|(5.9,6.3)c39|(6.6,6.1)c38|(6.1,6.4)c38|(6.4,5.7)c40|(6.5,5.5)c40|(6.1,5.8)c40|(6.2,5.5)c40|(6.2,5.7)c40|(6.8,4.9)c40|(6.9,4.4)c40|(6.5,4.4)c40|(6.7,4.3)c40|(6.9,3.6)c40|(6.2,4.2)c40|(6.4,3.7)c40|(6.3,3.6)c40|(6.9,3.8)c29|(6.6,3.3)c17"
40,56.396,0.78,4.015,7.443,-81.2,0.14,1.06,-232.1,1.07,PATHFIND_TO_ENTRY,RIGHT,LEFT,6,true,21,21,2,6.37,6.17,4.93,11,33.3,,,,,0,"",1.00,0.000,0.000,0.000,0.0,,,,,,,142,FuelCollection_DriverButton,,"#0(6.4,6.2)s=4.93 n=11 c=33|#1(6.6,4.0)s=4.46 n=10 c=39","(6.7,6.9)c28|(6.7,7.0)c28|(6.6,6.9)c28|(5.9,6.3)c34|(6.6,6.1)c33|(6.1,6.4)c33|(6.4,5.7)c36|(6.5,5.5)c37|(6.1,5.8)c36|(6.2,5.5)c37|(6.2,5.7)c36|(6.8,4.9)c37|(6.9,4.4)c38|(6.5,4.4)c39|(6.7,4.3)c39|(6.8,3.6)c40|(6.2,4.2)c40|(6.4,3.7)c40|(6.3,3.6)c40|(6.9,3.8)c40|(6.6,3.3)c32"
45,56.496,0.88,4.127,7.446,-105.7,-0.27,1.14,-253.8,1.17,PATHFIND_TO_ENTRY,RIGHT,LEFT,0,false,22,21,2,6.37,6.17,4.89,11,28.3,,,,,0,"",1.00,0.000,0.000,0.000,0.0,,,,,,,142,FuelCollection_DriverButton,,"#0(6.4,6.2)s=4.89 n=11 c=28|#1(6.6,4.0)s=4.41 n=10 c=34","(6.7,6.9)c23|(6.7,7.0)c23|(6.6,6.9)c23|(5.9,6.3)c29|(6.6,6.1)c28|(6.1,6.4)c28|(6.4,5.7)c31|(6.5,5.5)c32|(6.1,5.8)c31|(6.2,5.5)c32|(6.2,5.7)c31|(6.8,4.9)c32|(6.9,4.4)c33|(6.5,4.4)c34|(6.7,4.3)c34|(6.8,3.6)c35|(6.2,4.2)c36|(6.4,3.7)c36|(6.3,3.6)c36|(6.9,3.8)c35|(6.6,3.3)c31"
50,56.595,0.98,4.256,7.437,-131.1,-0.77,1.10,-253.2,1.35,PATHFIND_TO_ENTRY,RIGHT,LEFT,0,false,21,21,2,6.37,6.17,4.85,11,23.3,,,,,0,"",1.00,0.000,0.000,0.000,0.0,,,,,,,142,FuelCollection_DriverButton,,"#0(6.4,6.2)s=4.85 n=11 c=23|#1(6.6,4.0)s=4.36 n=10 c=29","(6.7,6.9)c18|(6.7,7.0)c18|(6.6,6.9)c18|(5.9,6.3)c24|(6.6,6.1)c23|(6.1,6.4)c23|(6.4,5.7)c26|(6.5,5.5)c27|(6.1,5.8)c26|(6.2,5.5)c27|(6.2,5.7)c26|(6.8,4.9)c27|(6.9,4.4)c28|(6.5,4.4)c29|(6.7,4.3)c29|(6.8,3.6)c30|(6.2,4.2)c31|(6.4,3.7)c31|(6.3,3.6)c31|(6.9,3.8)c30|(6.6,3.3)c26"
55,56.695,1.08,4.396,7.416,-153.8,-1.13,0.89,-188.8,1.44,PATHFIND_TO_ENTRY,RIGHT,LEFT,0,false,21,21,2,6.37,6.17,4.81,11,18.3,,,,,0,"",1.00,0.000,0.000,0.000,0.0,,,,,,,142,FuelCollection_DriverButton,,"#0(6.4,6.2)s=4.81 n=11 c=18|#1(6.6,4.0)s=4.30 n=10 c=24","(6.7,6.9)c13|(6.7,7.0)c13|(6.6,6.9)c13|(5.9,6.3)c19|(6.6,6.1)c18|(6.1,6.4)c18|(6.4,5.7)c21|(6.5,5.5)c22|(6.1,5.8)c21|(6.2,5.5)c22|(6.2,5.7)c21|(6.8,4.9)c22|(6.9,4.4)c23|(6.5,4.4)c24|(6.7,4.3)c24|(6.8,3.6)c25|(6.2,4.2)c26|(6.4,3.7)c26|(6.3,3.6)c26|(6.9,3.8)c25|(6.6,3.3)c21"
60,56.795,1.18,4.548,7.389,-169.2,-1.35,0.43,-120.6,1.41,PATHFIND_TO_ENTRY,RIGHT,LEFT,0,false,21,18,2,6.25,5.89,4.72,8,15.3,,,,,0,"",1.00,0.000,0.000,0.000,0.0,,,,,,,142,FuelCollection_DriverButton,,"#0(6.3,5.9)s=4.72 n=8 c=15|#1(6.6,4.0)s=4.25 n=10 c=19","(5.9,6.3)c14|(6.6,6.1)c13|(6.1,6.4)c13|(6.4,5.7)c16|(6.5,5.5)c17|(6.1,5.8)c16|(6.2,5.5)c17|(6.2,5.7)c16|(6.8,4.9)c17|(6.9,4.4)c18|(6.5,4.4)c19|(6.7,4.3)c19|(6.8,3.6)c20|(6.2,4.2)c21|(6.4,3.7)c21|(6.3,3.6)c21|(6.9,3.8)c20|(6.6,3.3)c16"
61,56.835,1.22,4.609,7.385,-173.5,-1.40,0.23,-94.4,1.42,FOLLOW_ENTRY_TRENCH,RIGHT,LEFT,,,,,,,,,,,,,,,,,,,,,,,,,,,,,"STATE: FOLLOW_ENTRY_TRENCH",,
65,56.896,1.28,4.700,7.385,-178.1,-1.44,0.02,-57.9,1.44,FOLLOW_ENTRY_TRENCH,RIGHT,LEFT,0,false,21,15,2,6.37,5.52,4.55,6,11.5,,,,,0,"",1.00,0.000,0.000,0.000,0.0,,,,,,,142,FuelCollection_DriverButton,,"#0(6.4,5.5)s=4.55 n=6 c=12|#1(6.6,3.9)s=4.20 n=9 c=14","(6.4,5.7)c11|(6.5,5.5)c12|(6.1,5.8)c11|(6.2,5.5)c12|(6.2,5.7)c11|(6.8,4.9)c12|(6.9,4.4)c13|(6.5,4.4)c14|(6.7,4.3)c14|(6.8,3.6)c15|(6.2,4.2)c16|(6.4,3.7)c16|(6.3,3.6)c16|(6.9,3.8)c15|(6.6,3.3)c11"
70,56.995,1.38,4.850,7.408,178.6,-1.48,-0.35,-6.5,1.52,FOLLOW_ENTRY_TRENCH,RIGHT,LEFT,0,false,18,5,1,6.52,3.79,4.16,5,10.6,,,,,0,"",1.00,0.000,0.000,0.000,0.0,,,,,,,142,FuelCollection_DriverButton,,"#0(6.5,3.8)s=4.16 n=5 c=11","(6.8,3.6)c10|(6.2,4.2)c11|(6.4,3.7)c11|(6.3,3.6)c11|(6.9,3.8)c10"
75,57.095,1.48,5.015,7.433,178.8,-1.87,-0.25,7.7,1.88,FOLLOW_ENTRY_TRENCH,RIGHT,LEFT,0,false,15,0,0,,,,,,,,,,0,"",1.00,0.000,0.000,0.000,0.0,,,,,,,142,FuelCollection_DriverButton,,"",""
80,57.195,1.58,5.219,7.451,179.5,-2.18,-0.19,4.6,2.18,FOLLOW_ENTRY_TRENCH,RIGHT,LEFT,0,false,3,0,0,,,,,,,,,,0,"",1.00,0.000,0.000,0.000,0.0,,,,,,,142,FuelCollection_DriverButton,,"",""
85,57.295,1.68,5.448,7.467,179.8,-2.38,-0.16,2.4,2.39,FOLLOW_ENTRY_TRENCH,RIGHT,LEFT,0,false,0,0,0,,,,,,,,,,0,"",1.00,0.000,0.000,0.000,0.0,,,,,,,142,FuelCollection_DriverButton,,"",""
90,57.396,1.78,5.693,7.482,180.0,-2.58,-0.15,0.7,2.58,FOLLOW_ENTRY_TRENCH,RIGHT,LEFT,0,false,0,0,0,,,,,,,,,,0,"",1.00,0.000,0.000,0.000,0.0,,,,,,,142,FuelCollection_DriverButton,,"",""
95,57.496,1.88,5.961,7.495,-180.0,-2.74,-0.09,0.4,2.74,FOLLOW_ENTRY_TRENCH,RIGHT,LEFT,0,false,0,0,0,,,,,,,,,,0,"",1.00,0.000,0.000,0.000,0.0,,,,,,,142,FuelCollection_DriverButton,,"",""
100,57.595,1.98,6.231,7.494,-179.9,-2.65,0.01,0.4,2.65,FOLLOW_ENTRY_TRENCH,RIGHT,LEFT,0,false,0,0,0,,,,,,,,,,0,"",1.00,0.000,0.000,0.000,0.0,,,,,,,142,FuelCollection_DriverButton,,"",""
105,57.695,2.08,6.487,7.493,-179.9,-2.47,0.03,0.4,2.47,FOLLOW_ENTRY_TRENCH,RIGHT,LEFT,0,false,0,0,0,,,,,,,,,,0,"",1.00,0.000,0.000,0.000,0.0,,,,,,,142,FuelCollection_DriverButton,,"",""
110,57.795,2.18,6.724,7.486,-179.9,-2.29,0.09,0.3,2.29,FOLLOW_ENTRY_TRENCH,RIGHT,LEFT,0,false,0,0,0,,,,,,,,,,0,"",1.00,0.000,0.000,0.000,0.0,,,,,,,142,FuelCollection_DriverButton,,"",""
115,57.895,2.28,6.943,7.475,-179.9,-2.10,0.13,-0.0,2.10,FOLLOW_ENTRY_TRENCH,RIGHT,LEFT,0,false,0,0,0,,,,,,,,,,0,"",1.00,0.000,0.000,0.000,0.0,,,,,,,142,FuelCollection_DriverButton,,"",""
120,57.995,2.38,7.142,7.461,-179.9,-1.90,0.16,0.0,1.91,FOLLOW_ENTRY_TRENCH,RIGHT,LEFT,0,false,0,0,0,,,,,,,,,,0,"",1.00,0.000,0.000,0.000,0.0,,,,,,,142,FuelCollection_DriverButton,,"",""
125,58.096,2.48,7.324,7.445,-179.9,-1.70,0.17,-0.1,1.71,FOLLOW_ENTRY_TRENCH,RIGHT,LEFT,0,false,0,0,0,,,,,,,,,,0,"",1.00,0.000,0.000,0.000,0.0,,,,,,,142,FuelCollection_DriverButton,,"",""
129,58.195,2.58,7.484,7.429,-179.9,-1.52,0.16,-0.2,1.53,BUILD_COLLECTION_CORRIDOR,RIGHT,LEFT,,,,,,,,,,,,,,,,,,,,,,,,,,,,,"STATE: BUILD_COLLECTION_CORRIDOR",,
130,58.195,2.58,7.484,7.429,-179.9,-1.52,0.16,-0.2,1.53,BUILD_COLLECTION_CORRIDOR,RIGHT,LEFT,0,false,0,0,0,,,,,,,,,,0,"",1.00,0.000,0.000,0.000,0.0,,,,,,,142,FuelCollection_DriverButton,,"",""
130,58.215,2.60,7.514,7.425,-179.9,-1.51,0.16,-0.2,1.52,BUILD_COLLECTION_CORRIDOR,RIGHT,LEFT,,,,,,,,,,,,,,,,,,,,,,,,,,,,,"CORRIDOR_BUILT length=6.46",,
130,58.215,2.60,7.514,7.425,-179.9,-1.51,0.16,-0.2,1.52,BUILD_COLLECTION_CORRIDOR,RIGHT,LEFT,,,,,,,,,,,,,,,,,,,,,,,,,,,,,"SCORING score=1.00 maxCurv=0.000 avgCurv=0.000 curvDeriv=0.000 headingRate=0.0 guides=0",,
130,58.215,2.60,7.514,7.425,-179.9,-1.51,0.16,-0.2,1.52,BUILD_COLLECTION_CORRIDOR,RIGHT,LEFT,,,,,,,,,,,,,,,,,,,,,,,,,,,,,"WARN: corridor path failed, using baseline only",,
130,58.216,2.60,7.514,7.425,-179.9,-1.51,0.16,-0.2,1.52,BUILD_COLLECTION_CORRIDOR,RIGHT,LEFT,,,,,,,,,,,,,,,,,,,,,,,,,,,,,"ERROR: cannot build any corridor path, aborting",,
131,58.235,2.62,7.545,7.422,-179.9,-1.51,0.16,-0.0,1.52,COMMIT_RETURN,RIGHT,LEFT,,,,,,,,,,,,,,,,,,,,,,,,,,,,,"STATE: COMMIT_RETURN",,
135,58.295,2.68,7.635,7.412,-179.9,-1.51,0.16,0.0,1.52,COMMIT_RETURN,RIGHT,LEFT,3,true,3,2,1,6.67,6.94,3.72,2,17.0,6.46,0.009,-0.12,6.21,0,"",1.00,0.000,0.000,0.000,0.0,0,1,"behind_progress",0,0.00,false,142,FuelCollection_DriverButton,,"#0(6.7,6.9)s=3.72 n=2 c=17","(6.6,6.9)c20|(6.7,7.0)c14"
140,58.396,2.78,7.699,7.390,-179.7,-0.42,0.77,-0.0,0.88,COMMIT_RETURN,RIGHT,LEFT,3,true,3,3,1,6.68,6.92,4.43,3,29.0,6.46,0.016,-0.18,6.19,0,"",1.00,0.000,0.000,0.000,0.0,0,1,"behind_progress",0,0.00,false,142,FuelCollection_DriverButton,,"#0(6.7,6.9)s=4.43 n=3 c=29","(6.6,6.9)c35|(6.7,7.0)c29|(6.7,6.9)c23"
145,58.495,2.88,7.637,7.220,179.9,1.19,2.59,1.9,2.85,COMMIT_RETURN,RIGHT,LEFT,5,true,5,5,1,6.42,6.69,5.41,5,28.0,6.46,0.037,-0.06,6.02,0,"",1.00,0.000,0.000,0.000,0.0,0,1,"behind_progress",0,0.00,false,142,FuelCollection_DriverButton,,"#0(6.4,6.7)s=5.41 n=5 c=28","(6.6,6.9)c40|(6.7,7.0)c40|(6.7,6.9)c38|(5.9,6.3)c11|(6.1,6.4)c11"
150,58.596,2.98,7.586,6.923,-178.2,0.27,2.84,33.4,2.86,COMMIT_RETURN,RIGHT,LEFT,5,true,5,5,1,6.42,6.69,5.55,5,34.4,6.46,0.078,0.09,5.73,0,"",1.00,0.000,0.000,0.000,0.0,0,1,"behind_progress",0,0.00,false,142,FuelCollection_DriverButton,,"#0(6.4,6.7)s=5.55 n=5 c=34","(6.6,6.9)c40|(6.7,7.0)c40|(6.7,6.9)c40|(5.9,6.3)c26|(6.1,6.4)c26"
155,58.695,3.08,7.576,6.662,-174.2,0.32,2.40,41.3,2.42,COMMIT_RETURN,RIGHT,LEFT,8,true,8,7,1,6.40,6.49,5.44,7,33.0,6.46,0.116,0.18,5.47,0,"",1.00,0.000,0.000,0.000,0.0,0,1,"behind_progress",0,0.00,false,142,FuelCollection_DriverButton,,"#0(6.4,6.5)s=5.44 n=7 c=33","(6.6,6.9)c40|(6.7,7.0)c40|(6.7,6.9)c40|(5.9,6.3)c40|(6.1,6.4)c40|(6.6,6.2)c17|(6.1,5.8)c14"
160,58.795,3.18,7.569,6.430,-170.1,0.42,2.22,43.1,2.26,COMMIT_RETURN,RIGHT,LEFT,7,true,10,10,1,6.35,6.24,5.31,10,30.6,6.46,0.149,0.26,5.24,0,"",1.00,0.000,0.000,0.000,0.0,0,1,"behind_progress",0,0.00,false,142,FuelCollection_DriverButton,,"#0(6.4,6.2)s=5.31 n=10 c=31","(6.6,6.9)c38|(6.7,7.0)c36|(6.7,6.9)c37|(5.9,6.3)c40|(6.1,6.4)c40|(6.6,6.2)c32|(6.1,5.8)c29|(6.2,5.6)c23|(6.3,5.7)c17|(6.2,5.7)c14"
165,58.895,3.28,7.564,6.206,-165.3,0.61,2.22,52.7,2.30,COMMIT_RETURN,RIGHT,LEFT,8,true,11,11,1,6.36,6.18,5.34,11,34.1,6.46,0.182,0.34,5.01,0,"",1.00,0.000,0.000,0.000,0.0,0,1,"behind_progress",0,0.00,false,142,FuelCollection_DriverButton,,"#0(6.4,6.2)s=5.34 n=11 c=34","(6.6,6.9)c33|(6.7,7.0)c31|(6.7,6.9)c32|(5.9,6.3)c40|(6.1,6.4)c40|(6.6,6.2)c40|(6.1,5.8)c40|(6.2,5.6)c38|(6.4,5.6)c32|(6.4,5.7)c29|(6.2,5.7)c20"
170,58.995,3.38,7.558,5.972,-159.6,0.87,2.23,62.4,2.39,COMMIT_RETURN,RIGHT,LEFT,5,true,11,11,1,6.36,6.17,5.35,11,35.5,6.46,0.216,0.43,4.78,0,"",1.00,0.000,0.000,0.000,0.0,0,1,"behind_progress",0,0.00,false,142,FuelCollection_DriverButton,,"#0(6.4,6.2)s=5.35 n=11 c=36","(6.6,6.9)c28|(6.7,7.0)c26|(6.7,6.9)c27|(5.9,6.3)c39|(6.1,6.4)c37|(6.6,6.2)c39|(6.1,5.8)c40|(6.2,5.5)c40|(6.4,5.5)c40|(6.4,5.7)c40|(6.2,5.7)c35"
175,59.096,3.48,7.563,5.732,-153.1,0.97,2.23,68.8,2.43,COMMIT_RETURN,RIGHT,LEFT,7,true,14,14,2,6.37,6.17,5.30,11,33.2,6.46,0.258,0.49,4.54,0,"",1.00,0.000,0.000,0.000,0.0,0,2,"behind_progress|curvature_exceeded",3,0.63,false,142,FuelCollection_DriverButton,,"#0(6.4,6.2)s=5.30 n=11 c=33|#1(6.4,4.5)s=3.48 n=3 c=17","(6.6,6.9)c23|(6.7,7.0)c21|(6.7,6.9)c22|(5.9,6.3)c34|(6.1,6.4)c32|(6.6,6.2)c34|(6.1,5.8)c39|(6.2,5.5)c40|(6.4,5.5)c40|(6.4,5.7)c40|(6.2,5.7)c40|(6.3,4.3)c20|(6.8,4.9)c17|(6.2,4.2)c14"
180,59.196,3.58,7.571,5.489,-145.8,1.29,2.13,76.5,2.49,COMMIT_RETURN,RIGHT,LEFT,8,true,19,19,3,6.37,6.17,5.21,11,29.0,6.46,0.295,0.54,4.30,0,"",1.00,0.000,0.000,0.000,0.0,0,3,"behind_progress|curvature_exceeded|lateral_deviation",7,1.54,false,142,FuelCollection_DriverButton,,"#0(6.4,6.2)s=5.21 n=11 c=29|#1(6.5,4.2)s=4.75 n=7 c=24|#2(6.1,2.9)s=2.00 n=1 c=11","(6.6,6.9)c18|(6.7,7.0)c16|(6.7,6.9)c17|(5.9,6.3)c29|(6.1,6.4)c27|(6.6,6.2)c29|(6.1,5.8)c34|(6.2,5.5)c38|(6.4,5.5)c39|(6.4,5.7)c36|(6.2,5.7)c36|(6.4,4.3)c35|(6.8,4.9)c32|(6.2,4.2)c29|(6.4,3.7)c20|(6.3,3.6)c20|(6.8,4.3)c17|(6.7,4.3)c14|(6.1,2.9)c11"
185,59.296,3.68,7.573,5.241,-137.6,1.67,1.89,85.0,2.52,COMMIT_RETURN,RIGHT,LEFT,14,true,25,24,3,6.37,6.17,5.10,11,24.0,6.46,0.332,0.60,4.05,0,"",1.00,0.000,0.000,0.000,0.0,0,3,"behind_progress|curvature_exceeded|curvature_exceeded",13,3.01,false,142,FuelCollection_DriverButton,,"#0(6.4,6.2)s=5.10 n=11 c=24|#1(6.6,4.2)s=4.92 n=8 c=33|#2(6.5,3.0)s=4.55 n=5 c=17","(6.6,6.9)c13|(6.7,7.0)c11|(6.7,6.9)c12|(5.9,6.3)c24|(6.1,6.4)c22|(6.6,6.2)c24|(6.1,5.8)c29|(6.2,5.5)c33|(6.4,5.5)c34|(6.4,5.7)c31|(6.2,5.7)c31|(6.4,4.3)c40|(6.8,4.9)c40|(6.2,4.2)c40|(6.4,3.7)c35|(6.3,3.6)c35|(6.9,4.4)c32|(6.7,4.3)c29|(6.1,2.9)c26|(6.7,3.3)c17|(6.6,2.8)c14|(6.7,3.3)c14|(6.5,2.5)c14|(6.9,3.8)c14"
190,59.395,3.78,7.572,4.990,-128.7,1.97,1.59,93.6,2.53,COMMIT_RETURN,RIGHT,LEFT,18,true,30,27,4,6.58,4.16,5.04,8,38.3,6.46,0.370,0.66,3.80,0,"",1.00,0.000,0.000,0.000,0.0,1,3,"behind_progress|curvature_exceeded|curvature_exceeded",19,4.67,false,142,FuelCollection_DriverButton,,"#0(6.6,4.2)s=5.04 n=8 c=38|#1(6.2,5.9)s=5.00 n=8 c=24|#2(6.6,2.9)s=4.73 n=7 c=28|#3(6.7,1.5)s=4.08 n=4 c=13","(5.9,6.3)c19|(6.1,6.4)c17|(6.6,6.2)c19|(6.1,5.8)c24|(6.2,5.5)c28|(6.4,5.5)c29|(6.4,5.7)c26|(6.2,5.7)c26|(6.4,4.4)c40|(6.8,4.9)c37|(6.2,4.2)c40|(6.4,3.7)c40|(6.3,3.6)c40|(6.9,4.4)c40|(6.7,4.3)c40|(6.1,2.9)c40|(6.8,3.2)c32|(6.6,2.8)c29|(6.7,3.4)c29|(6.5,2.5)c29|(6.9,3.8)c29|(6.6,3.3)c23|(6.5,1.5)c20|(6.8,1.2)c11|(7.0,2.2)c11|(6.8,1.6)c11|(6.9,1.5)c11"
195,59.495,3.88,7.570,4.742,-119.2,2.20,1.26,98.2,2.54,COMMIT_RETURN,RIGHT,LEFT,14,true,30,27,4,6.58,4.16,5.10,8,38.0,6.46,0.407,0.72,3.55,0,"",1.00,0.000,0.000,0.000,0.0,1,3,"behind_progress|curvature_exceeded|curvature_exceeded",19,4.96,false,142,FuelCollection_DriverButton,,"#0(6.6,4.2)s=5.10 n=8 c=38|#1(6.6,2.9)s=4.91 n=7 c=38|#2(6.2,5.9)s=4.89 n=8 c=19|#3(6.7,1.5)s=4.30 n=4 c=28","(5.9,6.3)c14|(6.1,6.4)c12|(6.6,6.2)c14|(6.1,5.8)c19|(6.2,5.5)c23|(6.4,5.5)c24|(6.4,5.7)c21|(6.2,5.7)c21|(6.5,4.4)c37|(6.8,4.9)c32|(6.2,4.2)c37|(6.4,3.7)c40|(6.3,3.6)c40|(6.9,4.4)c39|(6.7,4.3)c39|(6.1,2.9)c40|(6.8,3.2)c40|(6.6,2.8)c40|(6.8,3.4)c40|(6.5,2.5)c40|(6.9,3.8)c40|(6.6,3.3)c38|(6.5,1.5)c35|(6.8,1.2)c26|(7.0,2.2)c26|(6.8,1.6)c26|(6.9,1.6)c26"
200,59.595,3.98,7.571,4.490,-109.1,2.38,0.88,103.4,2.53,COMMIT_RETURN,RIGHT,LEFT,12,true,27,24,4,6.58,4.16,5.09,8,34.3,6.46,0.445,0.78,3.30,0,"",1.00,0.000,0.000,0.000,0.0,1,3,"behind_progress|behind_progress|curvature_exceeded",11,3.07,false,142,FuelCollection_DriverButton,,"#0(6.6,4.2)s=5.09 n=8 c=34|#1(6.6,2.9)s=4.99 n=7 c=40|#2(6.3,5.7)s=4.82 n=5 c=17|#3(6.7,1.5)s=4.48 n=4 c=40","(6.1,5.8)c14|(6.2,5.5)c18|(6.4,5.5)c19|(6.4,5.7)c16|(6.2,5.7)c16|(6.5,4.4)c32|(6.8,4.9)c27|(6.2,4.2)c32|(6.4,3.7)c37|(6.3,3.6)c38|(6.9,4.4)c34|(6.7,4.3)c34|(6.1,2.9)c40|(6.8,3.1)c40|(6.6,2.8)c40|(6.8,3.5)c40|(6.5,2.5)c40|(6.9,3.8)c40|(6.6,3.3)c40|(6.5,1.5)c40|(6.8,1.2)c40|(7.0,2.2)c40|(6.8,1.6)c40|(6.9,1.5)c40"
205,59.695,4.08,7.570,4.241,-98.7,2.51,0.43,105.4,2.55,COMMIT_RETURN,RIGHT,LEFT,12,true,31,27,6,6.58,4.16,5.05,8,29.4,6.46,0.482,0.84,3.05,0,"",1.00,0.000,0.000,0.000,0.0,3,3,"behind_progress|behind_progress|curvature_exceeded",15,4.48,false,142,FuelCollection_DriverButton,,"#0(6.6,4.2)s=5.05 n=8 c=29|#1(6.6,2.9)s=5.04 n=7 c=39|#2(6.7,1.5)s=4.52 n=4 c=40|#3(6.3,5.6)s=4.12 n=4 c=12|#4(8.2,2.2)s=3.51 n=3 c=13|#5(8.4,0.9)s=2.70 n=1 c=17","(6.2,5.5)c13|(6.4,5.5)c14|(6.4,5.7)c11|(6.2,5.7)c11|(6.5,4.4)c27|(6.8,4.9)c22|(6.2,4.2)c27|(6.4,3.7)c32|(6.3,3.6)c33|(6.9,4.4)c29|(6.7,4.3)c29|(6.1,2.9)c37|(6.8,3.1)c40|(6.6,2.8)c40|(6.8,3.5)c38|(6.5,2.5)c40|(6.9,3.8)c36|(6.6,3.3)c38|(6.5,1.5)c40|(6.8,1.2)c40|(7.0,2.2)c40|(6.8,1.6)c40|(6.9,1.5)c40|(8.4,0.9)c17|(8.3,2.0)c14|(8.1,2.5)c14|(8.3,2.1)c11"
210,59.795,4.18,7.567,3.990,-88.1,2.54,-0.10,105.8,2.54,COMMIT_RETURN,RIGHT,LEFT,16,true,35,29,5,6.62,2.90,5.06,7,35.1,6.46,0.590,0.90,2.80,0,"",1.00,0.000,0.000,0.000,0.0,3,2,"behind_progress|curvature_exceeded",21,7.92,false,142,FuelCollection_DriverButton,,"#0(6.6,2.9)s=5.06 n=7 c=35|#1(8.9,1.1)s=4.99 n=5 c=16|#2(6.6,4.2)s=4.99 n=8 c=24|#3(8.3,2.2)s=4.90 n=5 c=24|#4(6.7,1.5)s=4.57 n=4 c=40","(6.5,4.4)c22|(6.8,4.9)c17|(6.2,4.2)c22|(6.4,3.7)c27|(6.3,3.6)c28|(6.9,4.4)c24|(6.7,4.3)c24|(6.1,2.9)c32|(6.8,3.1)c36|(6.6,2.8)c35|(6.8,3.5)c33|(6.5,2.5)c37|(6.9,3.8)c31|(6.6,3.3)c33|(6.5,1.5)c40|(6.8,1.2)c40|(7.0,2.2)c40|(6.8,1.6)c40|(6.9,1.5)c40|(8.4,0.9)c32|(8.3,2.0)c29|(8.1,2.5)c29|(8.3,2.1)c26|(8.5,1.9)c20|(8.4,2.4)c17|(9.2,0.7)c14|(9.1,1.2)c14|(8.9,1.6)c11|(9.0,1.1)c11"
215,59.895,4.28,7.565,3.738,-77.4,2.47,-0.52,104.6,2.53,COMMIT_RETURN,RIGHT,LEFT,17,true,39,32,5,8.97,1.14,5.13,6,26.8,6.46,0.628,0.84,2.55,0,"",1.00,0.000,0.000,0.000,0.0,3,2,"behind_progress|curvature_exceeded",24,9.98,false,142,FuelCollection_DriverButton,,"#0(9.0,1.1)s=5.13 n=6 c=27|#1(6.6,2.9)s=5.06 n=7 c=31|#2(8.4,2.2)s=5.06 n=7 c=33|#3(6.6,4.2)s=4.90 n=8 c=19|#4(6.7,1.5)s=4.59 n=4 c=39","(6.5,4.4)c17|(6.8,4.9)c12|(6.2,4.2)c17|(6.4,3.7)c22|(6.3,3.6)c23|(6.9,4.4)c19|(6.7,4.3)c19|(6.1,2.9)c27|(6.8,3.1)c31|(6.6,2.8)c30|(6.8,3.5)c28|(6.5,2.5)c32|(6.9,3.8)c26|(6.6,3.3)c28|(6.5,1.5)c36|(6.8,1.2)c39|(7.0,2.2)c38|(6.8,1.6)c39|(6.9,1.5)c40|(8.4,0.9)c40|(8.2,2.0)c40|(8.1,2.5)c40|(8.3,2.1)c40|(8.7,2.0)c35|(8.4,2.4)c32|(9.2,0.7)c29|(9.0,1.3)c29|(9.0,1.7)c26|(9.1,1.2)c26|(8.6,2.4)c23|+2more"
220,59.996,4.38,7.560,3.491,-67.2,2.33,-0.99,101.3,2.53,COMMIT_RETURN,RIGHT,LEFT,22,true,42,41,6,9.00,1.24,5.19,7,32.9,6.46,0.665,0.79,2.30,0,"",1.00,0.000,0.000,0.000,0.0,3,3,"behind_progress|curvature_exceeded|lateral_deviation",30,13.86,true,142,FuelCollection_DriverButton,,"#0(9.0,1.2)s=5.19 n=7 c=33|#1(6.6,2.9)s=5.06 n=7 c=26|#2(8.6,2.2)s=5.05 n=12 c=31|#3(6.5,4.1)s=4.80 n=7 c=15|#4(6.7,1.5)s=4.58 n=4 c=34|#5(10.3,0.9)s=4.51 n=4 c=19","(6.5,4.4)c12|(6.2,4.2)c12|(6.4,3.7)c17|(6.3,3.6)c18|(6.9,4.4)c14|(6.7,4.3)c14|(6.1,2.9)c22|(6.8,3.1)c26|(6.6,2.8)c25|(6.8,3.5)c23|(6.5,2.5)c27|(6.9,3.8)c21|(6.6,3.3)c23|(6.5,1.5)c31|(6.8,1.2)c34|(7.0,2.2)c33|(6.8,1.6)c34|(6.9,1.5)c35|(8.4,0.9)c40|(8.2,2.0)c40|(8.1,2.5)c40|(8.3,2.1)c40|(8.7,2.0)c40|(8.4,2.4)c40|(9.2,0.7)c40|(9.1,1.3)c40|(9.0,1.6)c40|(9.1,1.2)c21|(8.7,2.4)c38|(8.5,1.9)c35|+11more"
225,60.096,4.48,7.558,3.240,-57.2,2.16,-1.33,97.7,2.54,COMMIT_RETURN,RIGHT,LEFT,26,true,46,41,6,9.00,1.23,5.27,7,36.3,6.46,0.703,0.73,2.05,0,"",1.00,0.000,0.000,0.000,0.0,3,3,"behind_progress|lateral_deviation|lateral_deviation",25,13.02,true,142,FuelCollection_DriverButton,,"#0(9.0,1.2)s=5.27 n=7 c=36|#1(8.7,2.2)s=5.17 n=13 c=36|#2(6.8,1.6)s=5.16 n=5 c=28|#3(6.5,3.2)s=4.96 n=9 c=17|#4(10.3,0.9)s=4.71 n=4 c=34|#5(11.4,0.8)s=3.84 n=3 c=16","(6.4,3.7)c12|(6.3,3.6)c13|(6.1,2.9)c17|(6.8,3.1)c21|(6.6,2.8)c20|(6.8,3.5)c18|(6.5,2.5)c22|(6.9,3.8)c16|(6.6,3.3)c18|(6.5,1.5)c26|(6.8,1.2)c29|(7.0,2.2)c28|(6.8,1.6)c29|(6.9,1.5)c30|(8.4,0.9)c40|(8.2,2.0)c40|(8.1,2.5)c40|(8.3,2.1)c40|(8.7,2.0)c40|(8.4,2.4)c40|(9.2,0.7)c40|(9.1,1.3)c40|(9.0,1.6)c40|(9.1,1.2)c16|(8.7,2.4)c40|(8.5,1.9)c40|(9.1,1.1)c40|(10.3,0.6)c38|(8.7,2.4)c38|(9.2,1.9)c38|+11more"
230,60.196,4.58,7.563,2.992,-47.8,1.91,-1.65,92.3,2.52,COMMIT_RETURN,RIGHT,LEFT,31,true,50,43,6,9.00,1.23,5.31,7,35.9,6.46,0.740,0.66,1.81,0,"",1.00,0.000,0.000,0.000,0.0,3,3,"behind_progress|lateral_deviation|lateral_deviation",25,14.87,true,142,FuelCollection_DriverButton,,"#0(9.0,1.2)s=5.31 n=7 c=36|#1(8.7,2.2)s=5.26 n=13 c=40|#2(10.4,1.1)s=5.23 n=5 c=36|#3(6.8,1.6)s=5.16 n=5 c=23|#4(6.6,3.1)s=4.95 n=7 c=14|#5(11.3,1.2)s=4.91 n=6 c=24","(6.1,2.9)c12|(6.8,3.1)c16|(6.6,2.8)c15|(6.8,3.5)c13|(6.5,2.5)c17|(6.9,3.8)c11|(6.6,3.3)c13|(6.5,1.5)c21|(6.8,1.2)c24|(7.0,2.2)c23|(6.8,1.6)c24|(6.9,1.5)c25|(8.4,0.9)c40|(8.2,2.0)c40|(8.1,2.5)c40|(8.3,2.1)c40|(8.7,2.0)c40|(8.4,2.4)c40|(9.2,0.7)c40|(9.1,1.3)c40|(9.0,1.6)c40|(9.1,1.2)c11|(8.7,2.4)c40|(8.5,1.9)c40|(9.1,1.1)c40|(10.3,0.6)c40|(8.7,2.4)c40|(9.2,1.9)c40|(10.5,0.9)c40|(9.0,2.3)c40|+13more"
235,60.296,4.68,7.559,2.840,-40.0,1.65,-1.93,89.0,2.54,COMMIT_RETURN,RIGHT,LEFT,37,true,50,45,7,9.00,1.23,5.34,7,36.0,6.46,0.763,0.63,1.66,0,"",1.00,0.000,0.000,0.000,0.0,3,4,"curvature_exceeded|lateral_deviation|lateral_deviation|behind_progress",28,18.27,true,142,FuelCollection_DriverButton,,"#0(9.0,1.2)s=5.34 n=7 c=36|#1(8.7,2.2)s=5.29 n=13 c=40|#2(10.5,1.1)s=5.20 n=6 c=38|#3(11.4,1.4)s=4.83 n=10 c=26|#4(6.7,1.5)s=4.55 n=4 c=19|#5(6.7,2.7)s=4.44 n=4 c=13|#6(10.1,2.3)s=2.18 n=1 c=13","(6.8,3.1)c11|(6.6,2.8)c10|(6.5,2.5)c12|(6.5,1.5)c16|(6.8,1.2)c19|(7.0,2.2)c18|(6.8,1.6)c19|(6.9,1.5)c20|(8.4,0.9)c40|(8.3,2.0)c39|(8.1,2.5)c40|(8.3,2.1)c40|(8.8,2.0)c39|(8.4,2.4)c40|(9.2,0.7)c40|(9.1,1.3)c40|(9.0,1.6)c39|(9.1,1.1)c13|(8.7,2.4)c40|(8.5,1.9)c40|(9.1,1.1)c40|(10.3,0.6)c40|(8.7,2.4)c40|(9.2,1.9)c40|(10.5,1.0)c40|(9.0,2.3)c40|(8.5,2.4)c40|(9.0,2.2)c40|(9.9,1.3)c40|(10.4,0.8)c40|+15more"
240,60.395,4.78,7.535,2.463,-30.1,1.39,-2.23,65.1,2.63,COMMIT_RETURN,RIGHT,LEFT,39,true,50,48,6,9.00,1.22,5.40,7,35.4,6.46,0.820,0.56,1.29,0,"",1.00,0.000,0.000,0.000,0.0,2,4,"behind_progress|lateral_deviation|behind_progress|behind_progress",12,10.34,true,142,FuelCollection_DriverButton,,"#0(9.0,1.2)s=5.40 n=7 c=35|#1(8.7,2.2)s=5.31 n=14 c=38|#2(10.5,1.1)s=5.25 n=6 c=40|#3(6.8,1.6)s=5.19 n=5 c=13|#4(11.4,1.5)s=4.86 n=12 c=32|#5(10.2,2.4)s=4.06 n=4 c=21","(6.5,1.5)c11|(6.8,1.2)c14|(7.0,2.2)c13|(6.8,1.6)c14|(6.9,1.5)c15|(8.4,0.9)c38|(8.3,2.0)c40|(8.1,2.5)c39|(8.3,2.1)c40|(8.8,2.0)c40|(8.4,2.4)c40|(9.2,0.7)c40|(9.1,1.3)c40|(8.9,1.6)c40|(9.1,1.1)c10|(8.7,2.4)c40|(8.5,1.9)c40|(9.1,1.1)c40|(10.3,0.6)c40|(8.8,2.4)c40|(9.2,1.9)c40|(10.5,1.0)c40|(9.0,2.3)c40|(8.5,2.4)c40|(9.0,2.2)c40|(9.9,1.3)c40|(10.4,0.8)c40|(9.3,2.1)c40|(9.2,1.9)c40|(11.4,0.7)c40|+18more"
245,60.496,4.88,7.563,2.250,-28.3,1.15,-1.45,1.5,1.85,COMMIT_RETURN,RIGHT,LEFT,32,true,50,44,6,8.99,1.24,5.49,6,40.0,6.46,0.851,0.48,1.08,0,"",1.00,0.000,0.000,0.000,0.0,2,4,"behind_progress|lateral_deviation|behind_progress|behind_progress",7,0.00,true,142,FuelCollection_DriverButton,,"#0(9.0,1.2)s=5.49 n=6 c=40|#1(8.7,2.2)s=5.32 n=14 c=36|#2(10.5,1.1)s=5.27 n=6 c=40|#3(11.4,1.6)s=4.88 n=13 c=35|#4(10.2,2.4)s=4.17 n=4 c=30|#5(6.9,1.5)s=2.84 n=1 c=10","(6.9,1.5)c10|(8.4,0.9)c40|(8.3,2.0)c40|(8.1,2.5)c34|(8.3,2.1)c40|(8.8,2.0)c40|(8.4,2.4)c37|(9.2,0.7)c40|(9.1,1.3)c40|(8.9,1.6)c40|(8.7,2.4)c35|(8.5,1.9)c40|(9.1,1.1)c40|(10.3,0.6)c40|(8.8,2.4)c36|(9.2,1.9)c40|(10.5,1.0)c40|(9.0,2.3)c40|(8.5,2.4)c37|(9.0,2.2)c40|(9.9,1.3)c40|(10.4,0.8)c40|(9.3,2.1)c40|(9.2,1.9)c40|(11.4,0.7)c40|(11.1,1.0)c40|(11.6,0.7)c40|(10.9,1.5)c40|(10.7,1.7)c40|(11.2,1.5)c40|+14more"
250,60.595,4.98,7.602,2.066,-27.6,1.28,-1.51,15.9,1.98,COMMIT_RETURN,RIGHT,LEFT,28,true,48,40,5,8.99,1.24,5.53,6,40.0,6.46,0.877,0.40,0.89,0,"",1.00,0.000,0.000,0.000,0.0,1,4,"behind_progress|behind_progress|behind_progress|behind_progress",6,0.00,true,142,FuelCollection_DriverButton,,"#0(9.0,1.2)s=5.53 n=6 c=40|#1(8.7,2.2)s=5.32 n=13 c=36|#2(10.5,1.1)s=5.28 n=6 c=40|#3(11.4,1.5)s=4.96 n=12 c=39|#4(10.2,2.3)s=3.60 n=3 c=31","(8.4,0.9)c40|(8.3,2.0)c40|(8.1,2.5)c29|(8.3,2.1)c40|(8.8,2.0)c40|(8.4,2.4)c32|(9.2,0.7)c40|(9.1,1.3)c40|(8.9,1.6)c40|(8.7,2.4)c30|(8.5,1.9)c40|(9.1,1.1)c40|(10.3,0.6)c40|(8.8,2.4)c31|(9.2,1.9)c40|(10.5,1.0)c40|(9.0,2.3)c35|(8.5,2.4)c32|(9.0,2.2)c37|(9.9,1.3)c40|(10.4,0.8)c40|(9.3,2.1)c40|(9.2,1.9)c40|(11.4,0.7)c40|(11.1,1.0)c40|(11.6,0.7)c40|(10.9,1.5)c40|(10.7,1.7)c40|(11.2,1.5)c40|(11.4,1.7)c40|+10more"
255,60.695,5.08,7.656,1.864,-24.7,1.43,-1.65,44.0,2.18,COMMIT_RETURN,RIGHT,LEFT,24,true,42,40,5,8.99,1.24,5.58,6,40.0,6.46,0.906,0.30,0.68,0,"",1.00,0.000,0.000,0.000,0.0,0,5,"behind_progress|behind_progress|behind_progress|behind_progress|behind_progress",0,0.00,true,142,FuelCollection_DriverButton,,"#0(9.0,1.2)s=5.58 n=6 c=40|#1(10.5,1.1)s=5.30 n=6 c=40|#2(8.7,2.2)s=5.27 n=13 c=32|#3(11.4,1.5)s=4.97 n=12 c=38|#4(10.2,2.3)s=3.54 n=3 c=26","(8.4,0.9)c40|(8.3,2.0)c36|(8.1,2.5)c24|(8.3,2.1)c35|(8.8,2.0)c37|(8.4,2.4)c27|(9.2,0.7)c40|(9.1,1.3)c40|(8.9,1.6)c40|(8.7,2.4)c25|(8.5,1.9)c40|(9.1,1.1)c40|(10.3,0.6)c40|(8.8,2.4)c26|(9.2,1.9)c40|(10.5,1.0)c40|(9.0,2.3)c30|(8.5,2.4)c27|(9.0,2.2)c32|(9.9,1.3)c40|(10.4,0.8)c40|(9.3,2.1)c35|(9.2,1.9)c40|(11.4,0.8)c40|(11.1,1.0)c40|(11.7,0.7)c40|(10.9,1.5)c40|(10.7,1.7)c40|(11.2,1.5)c40|(11.4,1.7)c40|+10more"
260,60.795,5.18,7.719,1.653,-19.9,1.32,-1.79,49.6,2.23,COMMIT_RETURN,RIGHT,LEFT,23,true,40,40,5,8.99,1.24,5.62,6,40.0,6.46,0.935,0.19,0.46,0,"",1.00,0.000,0.000,0.000,0.0,0,5,"behind_progress|behind_progress|behind_progress|behind_progress|behind_progress",0,0.00,true,142,FuelCollection_DriverButton,,"#0(9.0,1.2)s=5.62 n=6 c=40|#1(10.5,1.1)s=5.32 n=6 c=40|#2(8.7,2.2)s=5.20 n=13 c=27|#3(11.4,1.5)s=4.97 n=12 c=38|#4(10.2,2.3)s=3.48 n=3 c=21","(8.4,0.9)c40|(8.3,2.0)c31|(8.1,2.5)c19|(8.3,2.1)c30|(8.8,2.0)c32|(8.4,2.4)c22|(9.2,0.7)c40|(9.1,1.3)c40|(8.9,1.6)c40|(8.7,2.4)c20|(8.5,1.9)c35|(9.1,1.1)c40|(10.3,0.6)c40|(8.8,2.4)c21|(9.2,1.9)c40|(10.5,1.0)c40|(9.0,2.3)c25|(8.5,2.4)c22|(9.0,2.2)c27|(9.9,1.3)c40|(10.4,0.8)c40|(9.3,2.1)c30|(9.2,1.9)c39|(11.4,0.7)c40|(11.1,1.0)c40|(11.7,0.7)c40|(10.9,1.5)c40|(10.7,1.7)c40|(11.2,1.4)c40|(11.4,1.7)c40|+10more"
265,60.895,5.28,7.775,1.442,-14.9,1.08,-1.85,50.3,2.14,COMMIT_RETURN,RIGHT,LEFT,23,true,41,41,5,8.99,1.24,5.66,6,39.7,6.46,0.965,0.08,0.24,0,"",1.00,0.000,0.000,0.000,0.0,0,5,"behind_progress|behind_progress|behind_progress|behind_progress|behind_progress",0,0.00,true,142,FuelCollection_DriverButton,,"#0(9.0,1.2)s=5.66 n=6 c=40|#1(8.7,2.2)s=5.11 n=13 c=22|#2(11.3,1.6)s=4.94 n=15 c=37|#3(10.3,0.9)s=4.93 n=4 c=40|#4(10.2,2.3)s=3.42 n=3 c=16","(8.4,0.9)c40|(8.3,2.0)c26|(8.1,2.5)c14|(8.3,2.1)c25|(8.8,2.0)c27|(8.4,2.4)c17|(9.2,0.7)c40|(9.1,1.3)c40|(8.9,1.6)c40|(8.7,2.4)c15|(8.5,1.9)c30|(9.1,1.1)c40|(10.3,0.6)c40|(8.8,2.4)c16|(9.2,1.9)c38|(10.5,1.0)c40|(9.0,2.3)c20|(8.5,2.4)c17|(9.0,2.2)c22|(9.9,1.3)c40|(10.4,0.8)c40|(9.3,2.1)c25|(9.2,1.9)c34|(11.4,0.7)c40|(11.1,1.0)c39|(11.7,0.7)c40|(10.9,1.5)c40|(10.7,1.7)c40|(11.2,1.4)c40|(11.4,1.7)c40|+11more"
270,60.995,5.38,7.824,1.244,-10.1,0.76,-1.86,45.1,2.01,COMMIT_RETURN,RIGHT,LEFT,23,true,41,39,5,8.94,1.11,5.78,5,40.0,6.46,0.993,-0.01,0.05,0,"",1.00,0.000,0.000,0.000,0.0,0,5,"behind_progress|behind_progress|behind_progress|behind_progress|behind_progress",0,0.00,true,142,FuelCollection_DriverButton,,"#0(8.9,1.1)s=5.78 n=5 c=40|#1(10.4,1.1)s=5.41 n=5 c=40|#2(8.8,2.2)s=5.03 n=13 c=19|#3(11.4,1.6)s=4.96 n=14 c=38|#4(10.2,2.3)s=2.79 n=2 c=14","(8.4,0.9)c40|(8.3,2.0)c21|(8.3,2.1)c20|(8.8,2.0)c22|(8.4,2.4)c12|(9.2,0.7)c40|(9.1,1.3)c40|(8.9,1.6)c40|(8.7,2.4)c10|(8.5,1.9)c25|(9.1,1.1)c40|(10.3,0.6)c40|(8.8,2.4)c11|(9.2,1.9)c33|(10.5,1.0)c40|(9.0,2.3)c15|(8.5,2.4)c12|(9.0,2.2)c17|(9.9,1.3)c40|(10.4,0.8)c40|(9.3,2.1)c20|(9.2,1.9)c29|(11.4,0.7)c40|(11.1,1.0)c40|(11.7,0.7)c40|(10.9,1.5)c40|(10.7,1.7)c40|(11.2,1.4)c40|(11.4,1.7)c40|(11.3,1.6)c40|+9more"
275,61.096,5.48,7.855,1.054,-5.9,0.44,-1.83,37.7,1.88,COMMIT_RETURN,RIGHT,LEFT,23,true,42,34,5,8.94,1.11,5.79,5,39.6,6.46,1.000,-0.09,0.16,0,"",1.00,0.000,0.000,0.000,0.0,0,5,"behind_progress|behind_progress|behind_progress|behind_progress|behind_progress",0,0.00,true,142,FuelCollection_DriverButton,,"#0(8.9,1.1)s=5.79 n=5 c=40|#1(10.4,1.1)s=5.42 n=5 c=40|#2(8.8,2.0)s=5.01 n=9 c=17|#3(11.4,1.6)s=4.98 n=14 c=40|#4(11.6,2.7)s=1.88 n=1 c=11","(8.4,0.9)c40|(8.3,2.0)c16|(8.3,2.1)c15|(8.8,2.0)c17|(9.2,0.7)c40|(9.1,1.3)c40|(8.9,1.6)c38|(8.5,1.9)c20|(9.1,1.1)c40|(10.3,0.6)c40|(9.2,1.9)c28|(10.5,1.0)c40|(9.0,2.3)c10|(9.0,2.2)c12|(9.9,1.3)c40|(10.4,0.8)c40|(9.3,2.1)c15|(9.2,1.9)c24|(11.4,0.7)c40|(11.1,1.0)c38|(11.7,0.7)c40|(10.9,1.5)c40|(10.7,1.7)c40|(11.2,1.4)c40|(11.4,1.7)c40|(11.3,1.6)c40|(11.9,1.7)c40|(11.1,1.0)c39|(11.2,2.2)c40|(11.8,1.9)c40|+4more"
280,61.195,5.58,7.857,0.877,-2.6,-0.08,-1.71,29.1,1.71,COMMIT_RETURN,RIGHT,LEFT,23,true,39,32,5,8.94,1.11,5.77,5,38.6,6.46,1.000,-0.13,0.33,0,"",1.00,0.000,0.000,0.000,0.0,0,5,"behind_progress|behind_progress|behind_progress|behind_progress|behind_progress",0,0.00,true,142,FuelCollection_DriverButton,,"#0(8.9,1.1)s=5.77 n=5 c=39|#1(10.4,1.1)s=5.42 n=5 c=40|#2(11.4,1.6)s=4.98 n=14 c=40|#3(8.8,2.0)s=4.96 n=7 c=14|#4(11.6,2.7)s=2.06 n=1 c=26","(8.4,0.9)c40|(8.3,2.0)c11|(8.3,2.1)c10|(8.8,2.0)c12|(9.2,0.7)c40|(9.1,1.3)c40|(8.9,1.6)c33|(8.5,1.9)c15|(9.1,1.1)c40|(10.3,0.6)c40|(9.2,1.9)c23|(10.5,1.0)c40|(9.9,1.3)c40|(10.4,0.8)c40|(9.3,2.1)c10|(9.2,1.9)c19|(11.4,0.7)c40|(11.1,1.0)c40|(11.7,0.7)c40|(10.9,1.5)c40|(10.7,1.7)c40|(11.2,1.4)c40|(11.4,1.7)c40|(11.3,1.6)c40|(11.9,1.7)c40|(11.1,1.0)c37|(11.2,2.2)c40|(11.8,1.9)c40|(11.2,2.0)c40|(11.8,1.9)c40|+2more"
285,61.295,5.68,7.806,0.731,0.0,-0.74,-1.35,22.6,1.54,COMMIT_RETURN,RIGHT,LEFT,23,true,33,28,4,10.38,1.07,5.40,5,40.0,6.46,1.000,-0.12,0.47,0,"",1.00,0.000,0.000,0.000,0.0,0,4,"behind_progress|behind_progress|behind_progress|behind_progress",0,0.00,true,142,FuelCollection_DriverButton,,"#0(10.4,1.1)s=5.40 n=5 c=40|#1(9.0,1.4)s=5.39 n=8 c=29|#2(11.4,1.6)s=4.97 n=14 c=40|#3(11.6,2.7)s=2.22 n=1 c=40","(8.4,0.9)c40|(9.2,0.7)c40|(9.1,1.3)c40|(8.9,1.6)c28|(8.5,1.9)c10|(9.1,1.1)c40|(10.3,0.6)c40|(9.2,1.9)c18|(10.5,1.0)c40|(9.9,1.3)c40|(10.4,0.8)c40|(9.2,1.9)c14|(11.4,0.7)c40|(11.1,1.0)c40|(11.6,0.7)c40|(10.9,1.5)c40|(10.7,1.7)c40|(11.2,1.4)c40|(11.4,1.7)c40|(11.3,1.6)c40|(11.9,1.7)c40|(11.1,1.0)c38|(11.2,2.3)c40|(11.8,1.9)c40|(11.2,2.0)c40|(11.8,1.9)c40|(11.5,2.4)c40|(11.6,2.7)c40"
290,61.396,5.78,7.672,0.642,2.0,-1.92,-0.67,13.2,2.04,COMMIT_RETURN,RIGHT,LEFT,23,true,30,26,4,8.99,1.24,5.49,6,32.7,6.46,1.000,-0.01,0.57,0,"",1.00,0.000,0.000,0.000,0.0,0,4,"behind_progress|behind_progress|behind_progress|behind_progress",0,0.00,true,142,FuelCollection_DriverButton,,"#0(9.0,1.2)s=5.49 n=6 c=33|#1(10.4,1.1)s=5.38 n=5 c=40|#2(11.4,1.6)s=4.95 n=14 c=40|#3(11.6,2.7)s=2.21 n=1 c=40","(8.4,0.9)c40|(9.2,0.7)c40|(9.1,1.3)c40|(8.9,1.6)c23|(9.1,1.1)c40|(10.3,0.6)c40|(9.2,1.9)c13|(10.5,1.0)c40|(9.9,1.3)c40|(10.4,0.8)c40|(11.4,0.8)c40|(11.1,1.0)c37|(11.7,0.7)c40|(10.9,1.5)c40|(10.7,1.7)c40|(11.2,1.4)c40|(11.4,1.7)c40|(11.3,1.6)c40|(11.9,1.7)c40|(11.1,1.0)c40|(11.2,2.3)c40|(11.8,1.9)c40|(11.2,2.0)c40|(11.8,1.9)c40|(11.5,2.4)c40|(11.6,2.7)c40"
295,61.496,5.88,7.451,0.615,2.4,-2.41,-0.04,-6.4,2.41,COMMIT_RETURN,RIGHT,LEFT,25,true,29,27,5,8.95,1.11,5.57,5,35.6,6.46,1.000,0.20,0.68,0,"",1.00,0.000,0.000,0.000,0.0,0,5,"behind_progress|behind_progress|behind_progress|behind_progress|behind_progress",0,0.00,true,142,FuelCollection_DriverButton,,"#0(8.9,1.1)s=5.57 n=5 c=36|#1(10.4,1.1)s=5.34 n=5 c=40|#2(11.4,1.6)s=4.93 n=14 c=40|#3(10.3,2.3)s=2.69 n=2 c=16|#4(11.6,2.7)s=2.19 n=1 c=40","(8.4,0.9)c40|(9.2,0.7)c40|(9.1,1.3)c40|(8.9,1.6)c18|(9.1,1.1)c40|(10.3,0.6)c40|(10.5,1.0)c40|(9.9,1.3)c40|(10.4,0.8)c40|(11.4,0.8)c40|(11.1,1.0)c39|(11.7,0.7)c40|(10.9,1.5)c40|(10.7,1.7)c40|(11.2,1.4)c40|(11.4,1.7)c40|(11.3,1.6)c40|(11.9,1.7)c40|(11.1,1.0)c40|(11.2,2.3)c40|(11.8,1.9)c40|(11.2,2.0)c40|(11.8,1.9)c40|(11.5,2.4)c40|(11.6,2.7)c40|(10.3,2.3)c17|(10.4,2.4)c14"
300,61.596,5.98,7.197,0.600,1.4,-2.67,-0.05,-14.2,2.67,COMMIT_RETURN,RIGHT,LEFT,27,true,29,28,5,8.95,1.11,5.52,5,37.8,6.46,1.000,0.44,0.85,0,"",1.00,0.000,0.000,0.000,0.0,0,5,"behind_progress|behind_progress|behind_progress|behind_progress|behind_progress",0,0.00,true,142,FuelCollection_DriverButton,,"#0(8.9,1.1)s=5.52 n=5 c=38|#1(10.4,1.1)s=5.30 n=5 c=40|#2(11.4,1.6)s=4.90 n=14 c=40|#3(10.3,2.3)s=3.40 n=3 c=26|#4(11.6,2.7)s=2.17 n=1 c=40","(8.4,0.9)c40|(9.2,0.7)c40|(9.1,1.3)c40|(8.9,1.6)c29|(9.1,1.1)c40|(10.3,0.6)c40|(10.5,1.0)c40|(9.9,1.3)c40|(10.4,0.8)c40|(11.4,0.7)c40|(11.1,1.0)c39|(11.7,0.7)c40|(10.9,1.5)c40|(10.7,1.7)c40|(11.2,1.4)c40|(11.4,1.7)c40|(11.3,1.6)c40|(11.9,1.7)c40|(11.1,1.0)c39|(11.2,2.3)c40|(11.8,1.9)c40|(11.2,2.0)c40|(11.7,1.9)c40|(11.5,2.4)c40|(11.6,2.7)c40|(10.2,2.3)c32|(10.3,2.3)c29|(10.4,2.4)c17"
305,61.696,6.08,6.923,0.587,0.3,-2.79,-0.13,-5.7,2.80,COMMIT_RETURN,RIGHT,LEFT,26,true,31,30,5,8.99,1.24,5.32,6,35.0,6.46,1.000,0.70,1.07,0,"",1.00,0.000,0.000,0.000,0.0,0,5,"behind_progress|behind_progress|behind_progress|behind_progress|behind_progress",0,0.00,true,142,FuelCollection_DriverButton,,"#0(9.0,1.2)s=5.32 n=6 c=35|#1(10.4,1.1)s=5.26 n=5 c=40|#2(11.4,1.6)s=4.87 n=14 c=40|#3(10.2,2.4)s=4.03 n=4 c=32|#4(11.6,2.7)s=2.11 n=1 c=37","(8.4,0.9)c40|(9.2,0.7)c40|(9.1,1.3)c40|(8.9,1.6)c40|(9.1,1.1)c40|(10.3,0.6)c40|(9.2,1.9)c10|(10.5,1.0)c40|(9.9,1.3)c40|(10.4,0.8)c40|(11.4,0.7)c40|(11.1,1.0)c40|(11.7,0.7)c40|(10.9,1.5)c40|(10.7,1.7)c40|(11.2,1.4)c40|(11.4,1.7)c40|(11.3,1.6)c40|(11.9,1.7)c37|(11.1,1.0)c38|(11.2,2.3)c40|(11.8,1.9)c39|(11.2,2.0)c40|(11.7,1.9)c39|(11.5,2.4)c40|(11.6,2.7)c37|(10.2,2.3)c40|(10.3,2.3)c40|(10.4,2.4)c32|(10.2,2.4)c14"
310,61.795,6.18,6.636,0.572,-0.0,-2.93,-0.15,-1.0,2.93,COMMIT_RETURN,RIGHT,LEFT,25,true,32,31,5,10.37,1.07,5.23,5,40.0,6.46,1.000,0.98,1.32,0,"",1.00,0.000,0.000,0.000,0.0,0,5,"behind_progress|behind_progress|behind_progress|behind_progress|behind_progress",0,0.00,true,142,FuelCollection_DriverButton,,"#0(10.4,1.1)s=5.23 n=5 c=40|#1(9.0,1.3)s=5.20 n=7 c=35|#2(11.4,1.6)s=4.83 n=14 c=38|#3(10.2,2.4)s=4.08 n=4 c=37|#4(11.6,2.7)s=2.03 n=1 c=32","(8.4,0.9)c40|(9.2,0.7)c40|(9.1,1.3)c40|(8.9,1.6)c40|(9.1,1.1)c40|(10.3,0.6)c40|(9.2,1.9)c25|(10.5,1.0)c40|(9.9,1.3)c40|(10.4,0.8)c40|(11.4,0.7)c40|(11.1,1.0)c40|(11.7,0.7)c39|(10.9,1.5)c40|(10.7,1.7)c40|(11.2,1.4)c40|(11.4,1.7)c40|(11.3,1.6)c40|(11.9,1.7)c32|(11.1,1.0)c39|(11.2,2.3)c40|(11.8,1.9)c34|(11.2,2.0)c40|(11.7,1.9)c34|(11.5,2.4)c35|(11.6,2.7)c32|(10.2,2.3)c40|(10.3,2.3)c40|(10.4,2.4)c40|(10.2,2.4)c29|+1more"
315,61.895,6.28,6.341,0.560,-0.0,-2.99,-0.10,0.1,2.99,COMMIT_RETURN,RIGHT,LEFT,21,true,33,32,5,10.37,1.07,5.19,5,40.0,6.46,1.000,1.26,1.59,0,"",1.00,0.000,0.000,0.000,0.0,0,5,"behind_progress|behind_progress|behind_progress|behind_progress|behind_progress",0,0.00,true,142,FuelCollection_DriverButton,,"#0(10.4,1.1)s=5.19 n=5 c=40|#1(9.1,1.4)s=5.12 n=8 c=38|#2(11.4,1.6)s=4.77 n=14 c=36|#3(10.2,2.4)s=4.08 n=4 c=40|#4(11.6,2.7)s=1.94 n=1 c=27","(8.4,0.9)c40|(9.2,0.7)c40|(9.1,1.3)c40|(8.9,1.6)c40|(9.1,1.1)c40|(10.3,0.6)c40|(9.2,1.9)c40|(10.5,1.0)c40|(9.9,1.3)c40|(10.4,0.8)c40|(11.4,0.7)c39|(11.1,1.0)c40|(11.7,0.7)c34|(10.9,1.5)c40|(10.7,1.7)c40|(11.2,1.4)c40|(11.4,1.7)c36|(11.3,1.6)c39|(11.9,1.7)c27|(11.1,1.0)c39|(11.2,2.3)c37|(11.8,1.9)c29|(11.2,2.0)c39|(11.7,1.9)c29|(11.5,2.4)c30|(11.6,2.7)c27|(10.2,2.3)c40|(10.2,2.3)c40|(10.4,2.4)c40|(10.2,2.5)c40|+2more"
320,61.996,6.38,6.041,0.554,-0.0,-2.99,-0.04,0.2,2.99,COMMIT_RETURN,RIGHT,LEFT,23,true,37,35,5,10.37,1.07,5.16,5,40.0,6.46,1.000,1.55,1.87,0,"",1.00,0.000,0.000,0.000,0.0,0,5,"behind_progress|behind_progress|behind_progress|behind_progress|behind_progress",0,0.00,true,142,FuelCollection_DriverButton,,"#0(10.4,1.1)s=5.16 n=5 c=40|#1(9.0,1.5)s=5.00 n=10 c=35|#2(11.4,1.6)s=4.70 n=14 c=31|#3(10.2,2.4)s=4.61 n=5 c=37|#4(11.6,2.7)s=1.86 n=1 c=22","(8.4,0.9)c40|(9.2,0.7)c40|(9.1,1.3)c40|(8.9,1.6)c40|(9.1,1.1)c40|(10.3,0.6)c40|(9.2,1.9)c40|(10.5,1.0)c40|(9.9,1.3)c40|(10.4,0.8)c40|(11.4,0.7)c34|(11.1,1.0)c38|(11.7,0.7)c29|(10.9,1.5)c40|(10.7,1.7)c40|(11.2,1.4)c35|(11.4,1.7)c31|(11.3,1.6)c34|(11.9,1.7)c22|(11.1,1.0)c37|(11.2,2.3)c32|(11.8,1.9)c24|(11.2,2.0)c34|(11.7,1.9)c24|(11.5,2.4)c25|(11.6,2.7)c22|(10.1,2.3)c40|(10.2,2.3)c40|(10.4,2.4)c40|(10.2,2.5)c40|+5more"
325,62.096,6.48,5.743,0.555,0.0,-2.97,0.03,0.8,2.98,COMMIT_RETURN,RIGHT,LEFT,22,true,38,37,5,10.37,1.07,5.13,5,39.6,6.46,1.000,1.84,2.16,0,"",1.00,0.000,0.000,0.000,0.0,0,5,"behind_progress|behind_progress|behind_progress|behind_progress|behind_progress",0,0.00,true,142,FuelCollection_DriverButton,,"#0(10.4,1.1)s=5.13 n=5 c=40|#1(9.0,1.6)s=4.92 n=12 c=35|#2(10.2,2.4)s=4.62 n=5 c=40|#3(11.4,1.6)s=4.61 n=14 c=26|#4(11.6,2.7)s=1.78 n=1 c=17","(8.4,0.9)c40|(9.2,0.7)c40|(9.1,1.3)c40|(8.9,1.6)c40|(9.1,1.1)c40|(10.3,0.6)c40|(9.2,1.9)c40|(10.5,1.0)c40|(9.9,1.3)c40|(10.4,0.8)c40|(11.4,0.7)c29|(11.1,1.0)c33|(11.7,0.7)c24|(10.9,1.5)c35|(10.7,1.7)c38|(11.2,1.4)c30|(11.4,1.7)c26|(11.3,1.6)c29|(11.9,1.7)c17|(11.1,1.0)c32|(11.2,2.3)c27|(11.8,1.9)c19|(11.2,2.0)c29|(11.7,1.9)c19|(11.5,2.4)c20|(11.6,2.7)c17|(10.1,2.3)c40|(10.2,2.3)c40|(10.4,2.4)c40|(10.2,2.6)c40|+7more"
330,62.195,6.58,5.455,0.565,0.1,-2.79,0.13,0.2,2.80,COMMIT_RETURN,RIGHT,LEFT,21,true,43,41,6,10.37,1.07,5.09,5,38.2,6.46,1.000,2.12,2.43,0,"",1.00,0.000,0.000,0.000,0.0,0,6,"behind_progress|behind_progress|behind_progress|behind_progress|behind_progress|behind_progress",0,0.00,true,142,FuelCollection_DriverButton,,"#0(10.4,1.1)s=5.09 n=5 c=38|#1(8.9,1.7)s=4.86 n=15 c=35|#2(10.2,2.4)s=4.56 n=5 c=37|#3(11.4,1.6)s=4.53 n=14 c=21|#4(6.8,1.2)s=2.92 n=1 c=17|#5(11.6,2.7)s=1.71 n=1 c=12","(8.4,0.9)c40|(9.2,0.7)c40|(9.1,1.3)c40|(8.9,1.6)c40|(9.1,1.1)c40|(10.3,0.6)c40|(9.2,1.9)c40|(10.5,1.0)c38|(9.9,1.3)c40|(10.4,0.8)c40|(11.4,0.7)c24|(11.1,1.0)c28|(11.7,0.7)c19|(10.9,1.5)c30|(10.7,1.7)c33|(11.2,1.4)c25|(11.4,1.7)c21|(11.3,1.6)c24|(11.9,1.7)c12|(11.1,1.0)c27|(11.2,2.3)c22|(11.8,1.9)c14|(11.2,2.0)c24|(11.7,1.9)c14|(11.5,2.4)c15|(11.6,2.7)c12|(10.1,2.3)c40|(10.2,2.3)c38|(10.4,2.4)c35|(10.2,2.6)c35|+11more"
335,62.296,6.68,5.183,0.580,0.1,-2.59,0.16,-0.1,2.59,COMMIT_RETURN,RIGHT,LEFT,21,true,47,41,6,10.37,1.07,5.02,5,34.8,6.46,1.000,2.39,2.69,0,"",1.00,0.000,0.000,0.000,0.0,0,6,"behind_progress|behind_progress|behind_progress|behind_progress|behind_progress|behind_progress",0,0.00,true,142,FuelCollection_DriverButton,,"#0(10.4,1.1)s=5.02 n=5 c=35|#1(8.8,1.9)s=4.77 n=19 c=34|#2(11.3,1.2)s=4.67 n=8 c=20|#3(10.2,2.4)s=4.48 n=5 c=32|#4(11.3,2.2)s=3.05 n=3 c=15|#5(6.8,1.2)s=3.03 n=1 c=32","(8.4,0.9)c40|(9.2,0.7)c40|(9.1,1.3)c40|(8.9,1.6)c40|(9.1,1.1)c40|(10.3,0.6)c37|(9.2,1.9)c40|(10.5,1.0)c33|(9.9,1.3)c40|(10.4,0.8)c36|(11.4,0.7)c19|(11.1,1.0)c23|(11.7,0.7)c14|(10.9,1.5)c25|(10.7,1.7)c28|(11.2,1.4)c20|(11.4,1.7)c16|(11.3,1.6)c19|(11.1,1.0)c22|(11.2,2.3)c17|(11.2,2.0)c19|(11.5,2.4)c10|(10.1,2.3)c35|(10.2,2.3)c33|(10.4,2.4)c30|(10.2,2.6)c30|(9.3,2.1)c40|(9.2,2.0)c36|(10.2,2.4)c33|(8.8,2.0)c40|+11more"
340,62.396,6.78,4.937,0.595,0.1,-2.40,0.15,-0.4,2.40,COMMIT_RETURN,RIGHT,LEFT,21,true,47,41,5,8.82,1.86,4.80,18,38.1,6.46,1.000,2.63,2.93,0,"",1.00,0.000,0.000,0.000,0.0,0,5,"behind_progress|behind_progress|behind_progress|behind_progress|behind_progress",0,0.00,true,142,FuelCollection_DriverButton,,"#0(8.8,1.9)s=4.80 n=18 c=38|#1(10.3,0.9)s=4.50 n=4 c=33|#2(11.1,1.5)s=4.47 n=10 c=16|#3(10.1,2.4)s=4.45 n=6 c=29|#4(6.8,1.4)s=3.91 n=3 c=25","(8.4,0.9)c40|(9.2,0.7)c40|(9.1,1.3)c40|(8.9,1.6)c40|(9.1,1.1)c40|(10.3,0.6)c32|(9.2,1.9)c40|(10.5,1.0)c28|(9.9,1.3)c39|(10.4,0.8)c31|(11.4,0.7)c14|(11.1,1.0)c18|(10.9,1.5)c20|(10.7,1.7)c23|(11.2,1.4)c15|(11.4,1.7)c11|(11.3,1.6)c14|(11.1,1.0)c17|(11.2,2.3)c12|(11.2,2.0)c14|(10.1,2.3)c30|(10.2,2.3)c28|(10.4,2.4)c25|(10.2,2.6)c25|(9.3,2.1)c40|(9.2,2.0)c31|(10.2,2.4)c28|(8.8,2.0)c40|(8.3,2.0)c40|(9.0,2.3)c40|+11more"
345,62.495,6.88,4.707,0.608,0.0,-2.22,0.12,-0.3,2.22,COMMIT_RETURN,RIGHT,LEFT,24,true,45,37,4,8.82,1.86,4.79,18,39.2,6.46,1.000,2.86,3.15,0,"",1.00,0.000,0.000,0.000,0.0,0,4,"behind_progress|behind_progress|behind_progress|behind_progress",0,0.00,true,142,FuelCollection_DriverButton,,"#0(8.8,1.9)s=4.79 n=18 c=39|#1(10.7,1.2)s=4.72 n=9 c=20|#2(6.8,1.5)s=4.52 n=4 c=30|#3(10.1,2.4)s=4.38 n=6 c=25","(8.4,0.9)c40|(9.2,0.7)c40|(9.1,1.3)c40|(8.9,1.6)c40|(9.1,1.1)c40|(10.3,0.6)c27|(9.2,1.9)c40|(10.5,1.0)c23|(9.9,1.3)c34|(10.4,0.8)c26|(11.1,1.0)c13|(10.9,1.5)c15|(10.7,1.7)c18|(11.2,1.4)c10|(11.1,1.0)c12|(10.1,2.3)c25|(10.2,2.3)c23|(10.4,2.4)c20|(10.2,2.6)c20|(9.3,2.1)c40|(9.2,2.0)c26|(10.2,2.4)c23|(8.8,2.0)c40|(8.3,2.0)c40|(9.0,2.3)c40|(9.0,2.2)c40|(8.3,2.0)c40|(6.8,1.2)c40|(8.5,1.9)c40|(9.2,1.9)c40|+7more"
350,62.595,6.98,4.494,0.618,0.0,-2.03,0.08,-0.6,2.03,COMMIT_RETURN,RIGHT,LEFT,23,true,45,35,4,8.78,1.90,4.75,19,38.1,6.46,1.000,3.07,3.36,0,"",1.00,0.000,0.000,0.000,0.0,0,4,"behind_progress|behind_progress|behind_progress|behind_progress",0,0.00,true,142,FuelCollection_DriverButton,,"#0(8.8,1.9)s=4.75 n=19 c=38|#1(10.5,1.1)s=4.72 n=6 c=19|#2(6.8,1.5)s=4.58 n=4 c=38|#3(10.1,2.4)s=4.31 n=6 c=21","(8.4,0.9)c40|(9.2,0.7)c40|(9.1,1.3)c40|(8.9,1.6)c40|(9.1,1.1)c40|(10.3,0.6)c22|(9.2,1.9)c40|(10.5,1.0)c18|(9.9,1.3)c29|(10.4,0.8)c21|(10.9,1.5)c10|(10.7,1.7)c13|(10.1,2.3)c20|(10.2,2.3)c18|(10.4,2.4)c15|(10.2,2.6)c15|(9.3,2.1)c37|(9.2,2.0)c21|(10.2,2.4)c18|(8.8,2.0)c40|(8.3,2.1)c40|(9.0,2.3)c40|(9.0,2.2)c40|(8.3,2.0)c40|(6.8,1.2)c40|(8.5,1.9)c40|(9.2,1.9)c40|(8.8,2.4)c40|(8.7,2.4)c40|(8.4,2.4)c40|+5more"
355,62.695,7.08,4.302,0.624,-0.0,-1.82,0.05,-0.1,1.82,COMMIT_RETURN,RIGHT,LEFT,20,true,38,34,5,8.82,1.86,4.75,18,38.3,6.46,1.000,3.25,3.55,0,"",1.00,0.000,0.000,0.000,0.0,0,5,"behind_progress|behind_progress|behind_progress|behind_progress|behind_progress",0,0.00,true,142,FuelCollection_DriverButton,,"#0(8.8,1.9)s=4.75 n=18 c=38|#1(6.8,1.5)s=4.57 n=4 c=40|#2(10.3,0.9)s=4.27 n=4 c=18|#3(10.1,2.4)s=4.24 n=6 c=16|#4(8.3,2.7)s=2.68 n=2 c=31","(8.4,0.9)c40|(9.2,0.7)c40|(9.1,1.3)c40|(8.9,1.6)c40|(9.1,1.1)c40|(10.3,0.6)c17|(9.2,1.9)c38|(10.5,1.0)c13|(9.9,1.3)c24|(10.4,0.8)c16|(10.1,2.3)c15|(10.2,2.3)c13|(10.4,2.4)c10|(10.2,2.6)c10|(9.3,2.1)c32|(9.2,2.0)c16|(10.2,2.4)c13|(8.8,2.0)c40|(8.3,2.1)c40|(9.0,2.3)c39|(9.0,2.2)c40|(8.3,2.0)c40|(6.8,1.2)c40|(8.5,1.9)c40|(9.2,1.9)c37|(8.8,2.5)c40|(8.8,2.4)c40|(8.4,2.4)c40|(8.5,2.4)c40|(6.6,1.6)c40|+4more"
360,62.795,7.18,4.129,0.627,-0.0,-1.61,0.02,0.0,1.61,COMMIT_RETURN,RIGHT,LEFT,19,true,37,31,5,6.81,1.63,4.99,5,34.2,6.46,1.000,3.42,3.72,0,"",1.00,0.000,0.000,0.000,0.0,0,5,"behind_progress|behind_progress|behind_progress|behind_progress|behind_progress",0,0.00,true,142,FuelCollection_DriverButton,,"#0(6.8,1.6)s=4.99 n=5 c=34|#1(9.0,1.2)s=4.98 n=6 c=38|#2(8.4,2.4)s=4.60 n=8 c=37|#3(9.1,2.2)s=4.51 n=9 c=30|#4(10.2,0.9)s=3.64 n=3 c=14","(8.4,0.9)c40|(9.2,0.7)c36|(9.1,1.3)c39|(8.9,1.6)c40|(9.1,1.1)c40|(10.3,0.6)c12|(9.2,1.9)c33|(9.9,1.3)c19|(10.4,0.8)c11|(10.1,2.3)c10|(9.3,2.1)c27|(9.2,2.0)c11|(8.8,2.0)c40|(8.3,2.1)c40|(9.0,2.3)c34|(9.0,2.2)c37|(8.3,2.0)c40|(6.8,1.2)c40|(8.5,1.9)c40|(9.2,1.9)c32|(8.8,2.5)c40|(8.8,2.4)c40|(8.4,2.4)c40|(8.5,2.4)c40|(6.6,1.6)c40|(6.8,1.6)c40|(6.9,1.5)c40|(8.1,2.5)c40|(8.5,2.9)c38|(8.4,3.1)c17|+1more"
365,62.895,7.28,3.979,0.628,-0.0,-1.40,-0.01,-0.2,1.40,COMMIT_RETURN,RIGHT,LEFT,12,true,34,27,3,6.81,1.63,5.01,5,37.2,6.46,1.000,3.57,3.86,0,"",1.00,0.000,0.000,0.000,0.0,0,3,"behind_progress|behind_progress|behind_progress",0,0.00,true,142,FuelCollection_DriverButton,,"#0(6.8,1.6)s=5.01 n=5 c=37|#1(9.1,1.5)s=4.75 n=10 c=31|#2(8.5,2.4)s=4.57 n=12 c=36","(8.4,0.9)c40|(9.2,0.7)c31|(9.1,1.3)c34|(8.9,1.6)c38|(9.1,1.1)c36|(9.2,1.9)c28|(9.9,1.3)c14|(9.3,2.1)c22|(8.8,2.0)c39|(8.3,2.1)c40|(9.0,2.3)c29|(9.0,2.2)c32|(8.3,2.0)c40|(6.8,1.2)c40|(8.5,1.9)c40|(9.2,1.9)c27|(8.8,2.5)c35|(8.8,2.4)c36|(8.4,2.4)c40|(8.5,2.4)c40|(6.6,1.6)c40|(6.8,1.6)c40|(6.9,1.5)c40|(8.1,2.5)c40|(8.5,2.9)c39|(8.4,3.1)c20|(7.0,2.2)c26"
370,62.996,7.38,3.849,0.627,-0.1,-1.22,-0.02,-0.2,1.22,COMMIT_RETURN,RIGHT,LEFT,11,true,30,26,3,6.80,1.63,5.02,5,40.0,6.46,1.000,3.69,3.99,0,"",1.00,0.000,0.000,0.000,0.0,0,3,"behind_progress|behind_progress|behind_progress",0,0.00,true,142,FuelCollection_DriverButton,,"#0(6.8,1.6)s=5.02 n=5 c=40|#1(8.8,1.9)s=4.62 n=18 c=31|#2(8.3,2.8)s=3.21 n=3 c=30","(8.4,0.9)c40|(9.2,0.7)c26|(9.1,1.3)c29|(8.9,1.6)c33|(9.1,1.1)c31|(9.2,1.9)c23|(9.3,2.1)c17|(8.8,2.0)c34|(8.3,2.1)c40|(9.0,2.3)c24|(9.0,2.2)c27|(8.3,2.0)c40|(6.8,1.2)c40|(8.5,1.9)c40|(9.2,1.9)c22|(8.8,2.5)c30|(8.8,2.4)c31|(8.4,2.4)c40|(8.5,2.4)c39|(6.6,1.6)c40|(6.8,1.6)c40|(6.9,1.5)c40|(8.1,2.5)c40|(8.5,2.9)c34|(8.4,3.1)c15|(7.0,2.2)c40"
375,63.096,7.48,3.736,0.625,-0.1,-1.01,-0.03,-0.1,1.01,COMMIT_RETURN,RIGHT,LEFT,11,true,27,26,3,6.80,1.63,5.01,5,40.0,6.46,1.000,3.80,4.10,0,"",1.00,0.000,0.000,0.000,0.0,0,3,"behind_progress|behind_progress|behind_progress",0,0.00,true,142,FuelCollection_DriverButton,,"#0(6.8,1.6)s=5.01 n=5 c=40|#1(8.8,1.9)s=4.57 n=18 c=28|#2(8.3,2.8)s=3.16 n=3 c=26","(8.4,0.9)c40|(9.2,0.7)c21|(9.1,1.3)c24|(8.9,1.6)c28|(9.1,1.1)c26|(9.2,1.9)c18|(9.3,2.1)c12|(8.8,2.0)c29|(8.3,2.1)c40|(9.0,2.3)c19|(9.0,2.2)c22|(8.3,2.0)c40|(6.8,1.2)c40|(8.5,1.9)c40|(9.2,1.9)c17|(8.8,2.5)c25|(8.8,2.4)c26|(8.4,2.4)c40|(8.5,2.4)c34|(6.5,1.5)c40|(6.8,1.6)c40|(6.9,1.5)c40|(8.1,2.5)c40|(8.5,2.9)c29|(8.4,3.1)c10|(7.0,2.2)c40"
380,63.196,7.58,3.645,0.622,-0.1,-0.82,-0.02,0.2,0.82,COMMIT_RETURN,RIGHT,LEFT,9,true,26,24,3,6.80,1.64,5.00,5,40.0,6.46,1.000,3.89,4.20,0,"",1.00,0.000,0.000,0.000,0.0,0,3,"behind_progress|behind_progress|behind_progress",0,0.00,true,142,FuelCollection_DriverButton,,"#0(6.8,1.6)s=5.00 n=5 c=40|#1(8.8,1.9)s=4.53 n=18 c=26|#2(8.5,2.9)s=1.90 n=1 c=24","(8.4,0.9)c40|(9.2,0.7)c16|(9.1,1.3)c19|(8.9,1.6)c23|(9.1,1.1)c21|(9.2,1.9)c13|(8.8,2.0)c24|(8.3,2.1)c40|(9.0,2.3)c14|(9.0,2.2)c17|(8.3,2.0)c40|(6.8,1.2)c40|(8.5,1.9)c38|(9.2,1.9)c12|(8.8,2.5)c20|(8.8,2.4)c21|(8.4,2.4)c35|(8.5,2.4)c29|(6.5,1.6)c40|(6.8,1.6)c40|(6.9,1.5)c40|(8.1,2.5)c40|(8.5,2.9)c24|(7.0,2.2)c40"
385,63.295,7.68,3.573,0.620,-0.0,-0.61,-0.02,-0.1,0.61,COMMIT_RETURN,RIGHT,LEFT,9,true,25,21,3,6.80,1.63,4.99,5,40.0,6.46,1.000,3.96,4.27,0,"",1.00,0.000,0.000,0.000,0.0,0,3,"behind_progress|behind_progress|behind_progress",0,0.00,true,142,FuelCollection_DriverButton,,"#0(6.8,1.6)s=4.99 n=5 c=40|#1(8.9,1.3)s=4.70 n=6 c=20|#2(8.5,2.3)s=4.44 n=10 c=27","(8.4,0.9)c40|(9.2,0.7)c11|(9.1,1.3)c14|(8.9,1.6)c18|(9.1,1.1)c16|(8.8,2.0)c19|(8.3,2.1)c40|(9.0,2.2)c12|(8.2,2.0)c40|(6.8,1.2)c40|(8.5,1.9)c33|(8.8,2.5)c15|(8.8,2.4)c16|(8.4,2.4)c30|(8.5,2.4)c24|(6.5,1.5)c40|(6.8,1.6)c40|(6.9,1.5)c40|(8.1,2.5)c40|(8.5,2.9)c19|(7.0,2.2)c40"
390,63.395,7.78,3.522,0.618,-0.1,-0.43,-0.02,0.1,0.43,COMMIT_RETURN,RIGHT,LEFT,9,true,24,18,2,6.80,1.63,4.98,5,40.0,6.46,1.000,4.01,4.32,0,"",1.00,0.000,0.000,0.000,0.0,0,2,"behind_progress|behind_progress",0,0.00,true,142,FuelCollection_DriverButton,,"#0(6.8,1.6)s=4.98 n=5 c=40|#1(8.6,2.1)s=4.46 n=13 c=23","(8.4,0.9)c40|(8.9,1.6)c13|(9.1,1.1)c11|(8.8,2.0)c14|(8.3,2.1)c40|(8.2,2.0)c40|(6.8,1.2)c40|(8.5,1.9)c28|(8.8,2.5)c10|(8.8,2.4)c11|(8.4,2.4)c25|(8.5,2.4)c19|(6.5,1.5)c40|(6.8,1.6)c40|(6.9,1.5)c40|(8.1,2.5)c40|(8.5,2.9)c14|(7.0,2.2)c40"
395,63.495,7.88,3.486,0.617,-0.0,-0.28,-0.01,0.1,0.28,COMMIT_RETURN,RIGHT,LEFT,8,true,21,12,3,6.79,1.63,4.98,5,40.0,6.46,1.000,4.04,4.35,0,"",1.00,0.000,0.000,0.000,0.0,0,3,"behind_progress|behind_progress|behind_progress",0,0.00,true,142,FuelCollection_DriverButton,,"#0(6.8,1.6)s=4.98 n=5 c=40|#1(8.3,2.2)s=4.50 n=6 c=29|#2(8.4,0.9)s=2.83 n=1 c=40","(8.4,0.9)c40|(8.3,2.1)c37|(8.2,2.0)c40|(6.8,1.2)c40|(8.5,1.9)c23|(8.4,2.4)c20|(8.5,2.4)c14|(6.5,1.5)c40|(6.8,1.6)c40|(6.9,1.5)c40|(8.1,2.5)c40|(7.0,2.2)c40"
400,63.595,7.98,3.467,0.616,-0.0,-0.09,-0.01,-0.0,0.09,COMMIT_RETURN,RIGHT,LEFT,7,true,17,11,3,6.79,1.63,4.97,5,40.0,6.46,1.000,4.06,4.37,0,"",1.00,0.000,0.000,0.000,0.0,0,3,"behind_progress|behind_progress|behind_progress",0,0.00,true,142,FuelCollection_DriverButton,,"#0(6.8,1.6)s=4.97 n=5 c=40|#1(8.3,2.2)s=4.51 n=5 c=29|#2(8.4,0.9)s=2.83 n=1 c=40","(8.4,0.9)c40|(8.3,2.1)c32|(8.2,2.0)c40|(6.8,1.2)c40|(8.5,1.9)c18|(8.4,2.4)c15|(6.5,1.6)c40|(6.8,1.6)c40|(6.9,1.5)c40|(8.1,2.5)c39|(7.0,2.2)c40"
400,63.595,7.98,3.467,0.616,-0.0,-0.09,-0.01,-0.0,0.09,COMMIT_RETURN,RIGHT,LEFT,,,,,,,,,,,,,,,,,,,,,,,,,,,,,"COMPLETED",,
400,63.595,7.98,3.467,0.616,-0.0,-0.09,-0.01,-0.0,0.09,COMMIT_RETURN,RIGHT,LEFT,,,,,,,,,,,,,,,,,,,,,,,,,,,,,"STOPPED after 8.0s, 400 cycles",,
